{
  "best_step": 2700,
  "best_validation_exact_graph_rate": 0.3046875,
  "best_validation_loss": 6.638935565948486,
  "checkpoint": {
    "best_step": 2700,
    "bytes": 82666619,
    "claim_boundary": "engineering structural pretraining; no creativity claim",
    "file": "chimera-venture-m0-t1-step002700.pt",
    "format_version": 1,
    "model": "Chimera Venture M0",
    "parameters": 20647992,
    "release_tag": "venture-m0-t1",
    "sha256": "678864489faa860b6c18a4c65467c29fc831942349028ee64d97295d115e7c47"
  },
  "checkpoint_selection": "validation_exact_graph",
  "checks": {
    "candidate_validity": true,
    "finite_training": true,
    "generation_reproducible": true,
    "loss_reduced": true,
    "memorization_exact_graph": true
  },
  "claim_boundary": "CHM-V-T001 qualifies engineering behavior only; it does not evaluate novelty, commercial utility or the CHM-V-H001 language hypothesis.",
  "code_commit": "7b69794fa7c7c95a3b2d2e71bee8ddcfe1602234",
  "config_sha256": "3afd2d1853f5ff7cb0c2a702740118b9b49547302813d440237dc1b88f3d178e",
  "corpus_manifest_sha256": "26809d4dcc1bd00607fc90dd84ef26d740a447cd5924708bb2a9efd0753b52cd",
  "device": "cuda",
  "duration_seconds": 134.921497,
  "finished_at": "2026-07-15T14:39:23.829181+00:00",
  "first_training_loss": 7.958042621612549,
  "hypothesis_id": "CHM-V-H001",
  "last_training_loss": 0.14741085469722748,
  "metrics": {
    "generation": {
      "archive_coverage": 0.1875,
      "archive_entries": 3,
      "candidates": 160,
      "changed_candidate_rate": 0.9,
      "invalid_candidate_rate": 0.0,
      "operation_counts": {
        "CONNECT": 122,
        "INVERT_RELATION": 56,
        "SUBSTITUTE": 20
      },
      "operation_coverage": 3,
      "reproducible": true,
      "source_cases": 10,
      "unique_graph_rate": 0.33125,
      "unique_graphs": 53
    },
    "test": {
      "edge_type_loss": 3.056711792945862,
      "exact_graph_rate": 0.1484375,
      "exact_program_rate": 0.140625,
      "examples": 128.0,
      "loss": 7.0025715827941895,
      "node_type_loss": 1.4217623472213745,
      "operation_accuracy": 0.599476439790576,
      "operation_entropy": 0.24234654009342194,
      "operation_loss": 2.247179865837097,
      "score_loss": 0.40811167657375336,
      "score_mae": 0.05587241674462954,
      "source_loss": 2.8678025007247925,
      "target_loss": 3.9100598096847534,
      "transition_loss": 0.04520920477807522
    },
    "train": {
      "edge_type_loss": 0.000828367939296489,
      "exact_graph_rate": 0.9921875,
      "exact_program_rate": 0.9921875,
      "examples": 384.0,
      "loss": 0.15190881987412772,
      "node_type_loss": 0.0003602869643752153,
      "operation_accuracy": 1.0,
      "operation_entropy": 0.002796379015004883,
      "operation_loss": 0.0007623345336469356,
      "score_loss": 0.28593281159798306,
      "score_mae": 0.0014445510589414174,
      "source_loss": 0.0021995276147208642,
      "target_loss": 0.009320980607299134,
      "transition_loss": 0.00215062623222669
    },
    "validation": {
      "edge_type_loss": 2.536540985107422,
      "exact_graph_rate": 0.3046875,
      "exact_program_rate": 0.265625,
      "examples": 128.0,
      "loss": 6.640277862548828,
      "node_type_loss": 1.4742827415466309,
      "operation_accuracy": 0.6413612565445026,
      "operation_entropy": 0.18968785554170609,
      "operation_loss": 2.056108057498932,
      "score_loss": 0.3634049594402313,
      "score_mae": 0.04894598014652729,
      "source_loss": 3.194767713546753,
      "target_loss": 3.5324866771698,
      "transition_loss": 0.038031285628676414
    }
  },
  "schema_version": 1,
  "started_at": "2026-07-15T14:37:08.907684+00:00",
  "status": "passed",
  "trial_id": "CHM-V-T001"
}
